{
  "IcoMoonType": "selection",
  "icons": [
    {
      "icon": {
        "paths": [
          "M950.857 859.429v-438.857q-18.286 20.571-39.429 37.714-153.143 117.714-243.429 193.143-29.143 24.571-47.429 38.286t-49.429 27.714-58.571 14h-1.143q-27.429 0-58.571-14t-49.429-27.714-47.429-38.286q-90.286-75.429-243.429-193.143-21.143-17.143-39.429-37.714v438.857q0 7.429 5.429 12.857t12.857 5.429h841.143q7.429 0 12.857-5.429t5.429-12.857zM950.857 258.857v-14t-0.286-7.429-1.714-7.143-3.143-5.143-5.143-4.286-8-1.429h-841.143q-7.429 0-12.857 5.429t-5.429 12.857q0 96 84 162.286 110.286 86.857 229.143 181.143 3.429 2.857 20 16.857t26.286 21.429 25.429 18 28.857 15.714 24.571 5.143h1.143q11.429 0 24.571-5.143t28.857-15.714 25.429-18 26.286-21.429 20-16.857q118.857-94.286 229.143-181.143 30.857-24.571 57.429-66t26.571-75.143zM1024 237.714v621.714q0 37.714-26.857 64.571t-64.571 26.857h-841.143q-37.714 0-64.571-26.857t-26.857-64.571v-621.714q0-37.714 26.857-64.571t64.571-26.857h841.143q37.714 0 64.571 26.857t26.857 64.571z"
        ],
        "width": 1024.0009956359863,
        "attrs": [],
        "isMulticolor": false,
        "isMulticolor2": false,
        "tags": [
          "envelope-o"
        ],
        "defaultCode": 61443,
        "grid": 14
      },
      "attrs": [],
      "properties": {
        "name": "envelope-o",
        "id": 3,
        "order": 10,
        "prevSize": 32,
        "code": 61443
      },
      "setIdx": 0,
      "setId": 2,
      "iconIdx": 3
    },
    {
      "icon": {
        "paths": [
          "M731.429 348.571q-32 14.286-69.143 19.429 38.857-22.857 53.143-66.857-37.143 21.714-76.571 29.143-34.857-37.714-87.429-37.714-49.714 0-84.857 35.143t-35.143 84.857q0 16.571 2.857 27.429-73.714-4-138.286-37.143t-109.714-88.571q-16.571 28.571-16.571 60.571 0 65.143 52 100-26.857-0.571-57.143-14.857v1.143q0 42.857 28.571 76.286t70.286 41.429q-16.571 4.571-29.143 4.571-7.429 0-22.286-2.286 12 36 42.571 59.429t69.429 24q-66.286 51.429-149.143 51.429-14.857 0-28.571-1.714 84.571 53.714 184 53.714 64 0 120-20.286t96-54.286 68.857-78.286 42.857-92.571 14-96.286q0-10.286-0.571-15.429 36-25.714 60-62.286zM877.714 237.714v548.571q0 68-48.286 116.286t-116.286 48.286h-548.571q-68 0-116.286-48.286t-48.286-116.286v-548.571q0-68 48.286-116.286t116.286-48.286h548.571q68 0 116.286 48.286t48.286 116.286z"
        ],
        "width": 877.7129821777344,
        "attrs": [],
        "isMulticolor": false,
        "isMulticolor2": false,
        "tags": [
          "twitter-square"
        ],
        "defaultCode": 61569,
        "grid": 14
      },
      "attrs": [],
      "properties": {
        "name": "twitter-square",
        "id": 121,
        "order": 7,
        "prevSize": 32,
        "code": 61569
      },
      "setIdx": 0,
      "setId": 2,
      "iconIdx": 121
    },
    {
      "icon": {
        "paths": [
          "M713.143 73.143q68 0 116.286 48.286t48.286 116.286v548.571q0 68-48.286 116.286t-116.286 48.286h-107.429v-340h113.714l17.143-132.571h-130.857v-84.571q0-32 13.429-48t52.286-16l69.714-0.571v-118.286q-36-5.143-101.714-5.143-77.714 0-124.286 45.714t-46.571 129.143v97.714h-114.286v132.571h114.286v340h-304q-68 0-116.286-48.286t-48.286-116.286v-548.571q0-68 48.286-116.286t116.286-48.286h548.571z"
        ],
        "width": 877.7150573730469,
        "attrs": [],
        "isMulticolor": false,
        "isMulticolor2": false,
        "tags": [
          "facebook-square"
        ],
        "defaultCode": 61570,
        "grid": 14
      },
      "attrs": [],
      "properties": {
        "name": "facebook-square",
        "id": 122,
        "order": 12,
        "prevSize": 32,
        "code": 61570
      },
      "setIdx": 0,
      "setId": 2,
      "iconIdx": 122
    },
    {
      "icon": {
        "paths": [
          "M731.429 681.714q0-6.286-1.143-9.143-1.714-4.571-22-16.857t-50.571-28.286l-30.286-16.571q-2.857-1.714-10.857-7.429t-14.286-8.571-12-2.857q-10.286 0-26.857 18.571t-32.571 37.429-25.143 18.857q-4 0-9.429-2t-8.857-3.714-9.714-5.429-8-4.857q-56.571-31.429-97.429-72.286t-72.286-97.429q-1.143-1.714-4.857-8t-5.429-9.714-3.714-8.857-2-9.429q0-7.429 11.714-19.143t25.714-22 25.714-22.571 11.714-20.857q0-5.714-2.857-12t-8.571-14.286-7.429-10.857q-1.714-3.429-8.571-16.286t-14.286-26-15.143-27.143-14.286-23.143-9.429-10.286-9.143-1.143q-27.429 0-57.714 12.571-26.286 12-45.714 54t-19.429 74.571q0 9.143 1.429 19.429t2.857 17.429 5.143 18.857 5.714 16.857 7.143 18.857 6.286 17.143q34.286 93.714 123.714 183.143t183.143 123.714q3.429 1.143 17.143 6.286t18.857 7.143 16.857 5.714 18.857 5.143 17.429 2.857 19.429 1.429q32.571 0 74.571-19.429t54-45.714q12.571-30.286 12.571-57.714zM877.714 237.714v548.571q0 68-48.286 116.286t-116.286 48.286h-548.571q-68 0-116.286-48.286t-48.286-116.286v-548.571q0-68 48.286-116.286t116.286-48.286h548.571q68 0 116.286 48.286t48.286 116.286z"
        ],
        "width": 877.7129821777344,
        "attrs": [],
        "isMulticolor": false,
        "isMulticolor2": false,
        "tags": [
          "phone-square"
        ],
        "defaultCode": 61592,
        "grid": 14
      },
      "attrs": [],
      "properties": {
        "name": "phone-square",
        "id": 143,
        "order": 11,
        "prevSize": 32,
        "code": 61592
      },
      "setIdx": 0,
      "setId": 2,
      "iconIdx": 143
    },
    {
      "icon": {
        "paths": [
          "M1012 877.714q0 30.286-21.143 51.429l-61.143 61.714q-22.286 21.143-52 21.143-30.286 0-51.429-21.143l-207.429-208q-21.714-20.571-21.714-51.429 0-30.286 24.571-54.857l-146.286-146.286-72 72q-8 8-19.429 8t-19.429-8q1.143 1.143 7.143 6.857t7.143 7.429 5.714 6.571 5.714 7.714 3.429 7.714 3.143 9.429 0.857 10.286q0 21.714-16 38.857-1.714 1.714-9.429 10.286t-10.857 11.714-10.571 9.429-12.571 8.857-12.571 5.143-14.857 2.571q-22.857 0-38.857-16l-233.143-233.143q-16-16-16-38.857 0-7.429 2.571-14.857t5.143-12.571 8.857-12.571 9.429-10.571 11.714-10.857 10.286-9.429q17.143-16 38.857-16 5.714 0 10.286 0.857t9.429 3.143 7.714 3.429 7.714 5.714 6.571 5.714 7.429 7.143 6.857 7.143q-8-8-8-19.429t8-19.429l198.857-198.857q8-8 19.429-8t19.429 8q-1.143-1.143-7.143-6.857t-7.143-7.429-5.714-6.571-5.714-7.714-3.429-7.714-3.143-9.429-0.857-10.286q0-21.714 16-38.857 1.714-1.714 9.429-10.286t10.857-11.714 10.571-9.429 12.571-8.857 12.571-5.143 14.857-2.571q22.857 0 38.857 16l233.143 233.143q16 16 16 38.857 0 7.429-2.571 14.857t-5.143 12.571-8.857 12.571-9.429 10.571-11.714 10.857-10.286 9.429q-17.143 16-38.857 16-5.714 0-10.286-0.857t-9.429-3.143-7.714-3.429-7.714-5.714-6.571-5.714-7.429-7.143-6.857-7.143q8 8 8 19.429t-8 19.429l-72 72 146.286 146.286q24.571-24.571 54.857-24.571 29.714 0 52 21.143l207.429 207.429q21.143 22.286 21.143 52z"
        ],
        "width": 1034.8558959960938,
        "attrs": [],
        "isMulticolor": false,
        "isMulticolor2": false,
        "tags": [
          "gavel",
          "legal"
        ],
        "defaultCode": 61667,
        "grid": 14
      },
      "attrs": [],
      "properties": {
        "name": "gavel, legal",
        "id": 201,
        "order": 13,
        "prevSize": 32,
        "code": 61667
      },
      "setIdx": 0,
      "setId": 2,